TIMESTAMP,TA_ERA,TA_ERA_NIGHT,TA_ERA_NIGHT_SD,TA_ERA_DAY,TA_ERA_DAY_SD,SW_IN_ERA,LW_IN_ERA,VPD_ERA,PA_ERA,P_ERA,WS_ERA
198101,26.435,24.894,1.301,27.774,2.506,192.284,415.588,5.901,98.591,5.356,1.472
198102,25.084,24.153,0.985,25.94,1.787,154.916,419.641,2.94,98.622,8.983,0.953
198103,25.88,24.807,0.849,26.878,1.835,160.809,422.437,3.503,98.626,7.424,1.107
198104,25.51,24.346,0.973,26.582,1.94,146.956,421.535,3.043,98.645,10.209,0.933
198105,25.527,24.328,1.039,26.629,1.921,139.253,419.458,2.889,98.756,9.643,0.818
198106,24.56,23.476,1.012,25.615,1.837,118.309,416.294,2.423,98.928,7.912,0.936
198107,23.923,22.535,1.498,25.311,2.359,150.363,402.318,3.644,99.097,4.249,1.074
198108,24.984,23.703,1.238,26.235,2.293,156.206,412.674,3.337,98.893,6.112,0.93
198109,25.084,23.678,1.263,26.377,2.46,170.495,414.319,3.575,98.889,7.679,0.948
198110,25.727,24.425,1.3,26.924,2.286,168.526,416.916,3.775,98.679,8.765,1.062
198111,26.06,24.636,1.148,27.369,2.183,169.951,420.229,3.828,98.516,7.688,1.148
198112,25.697,24.483,1.082,26.797,1.968,160.502,419.23,3.571,98.623,10.176,1.064
198201,25.925,24.603,1.197,27.074,2.068,169.574,417.0,4.218,98.656,7.892,1.217
198202,25.404,24.21,0.975,26.501,1.785,151.786,419.09,2.886,98.665,11.386,0.919
198203,25.702,24.45,1.057,26.868,1.933,156.848,419.78,3.457,98.631,8.738,1.025
198204,25.078,23.967,0.919,26.101,1.77,142.496,418.816,2.663,98.79,12.398,0.965
198205,25.064,23.989,0.944,26.052,1.761,137.374,417.251,3.119,98.854,7.207,1.121
198206,25.029,23.767,1.207,26.247,1.998,138.643,414.802,2.943,98.953,6.33,0.768
198207,24.508,23.291,1.089,25.724,2.027,136.308,414.72,2.527,98.96,6.012,0.782
198208,24.874,23.444,1.24,26.273,2.27,154.171,413.443,3.195,98.979,5.778,0.875
198209,25.546,24.125,1.203,26.853,2.297,178.902,415.579,3.694,98.833,5.228,0.86
198210,25.505,24.149,1.128,26.753,2.071,177.628,416.252,3.487,98.684,6.744,0.933
198211,25.434,24.22,1.002,26.551,1.926,148.165,419.808,3.028,98.569,9.036,1.008
198212,25.571,24.297,1.048,26.727,1.968,154.498,419.886,3.302,98.597,9.25,0.986
198301,26.596,25.199,1.21,27.809,2.232,179.146,422.748,4.967,98.545,5.371,1.143
198302,26.733,25.376,1.157,27.982,2.138,178.164,423.024,5.243,98.591,7.257,1.168
198303,26.516,25.226,1.067,27.717,2.133,164.1,426.986,4.169,98.597,9.409,1.031
198304,26.009,24.939,0.968,26.993,1.883,147.009,425.507,3.146,98.641,10.626,0.885
198305,26.154,24.947,1.067,27.264,2.149,148.944,422.61,3.695,98.661,6.69,0.915
198306,24.982,23.692,1.083,26.228,2.221,146.484,416.135,3.504,98.915,4.757,0.981
198307,25.566,24.142,1.259,26.991,2.365,159.894,412.474,3.787,98.884,3.582,1.02
198308,25.158,23.929,1.318,26.364,2.402,161.782,413.156,3.393,99.018,5.868,0.981
198309,25.532,24.19,1.279,26.767,2.507,176.832,415.062,3.698,98.84,5.813,0.994
198310,25.237,23.942,1.066,26.429,2.218,164.324,417.723,3.136,98.73,9.317,0.996
198311,25.467,24.143,1.013,26.685,2.099,163.506,417.766,3.328,98.764,9.386,0.986
198312,25.078,23.836,0.935,26.2,2.085,154.33,416.802,2.907,98.752,8.309,1.057
198401,25.211,23.896,0.984,26.349,2.108,165.254,413.298,3.651,98.654,7.534,1.126
198402,24.735,23.585,0.936,25.793,1.88,148.599,417.878,2.687,98.645,11.882,0.861
198403,25.651,24.512,1.083,26.715,1.885,152.926,420.256,3.409,98.623,8.119,1.053
198404,25.317,24.203,1.013,26.341,2.137,139.106,419.134,3.332,98.721,13.258,1.081
198405,25.242,23.956,1.063,26.426,2.067,137.972,417.183,3.046,98.722,9.791,0.897
198406,24.713,23.525,1.062,25.868,1.894,131.842,413.714,2.595,98.9,8.076,0.845
198407,24.303,22.929,1.068,25.676,2.175,145.066,409.779,2.681,98.927,6.712,0.932
198408,24.521,23.251,1.163,25.766,2.294,157.815,411.171,3.185,98.932,5.431,0.979
198409,24.945,23.584,1.182,26.197,2.391,167.52,413.886,3.183,98.791,7.607,0.958
198410,25.552,24.211,1.062,26.786,2.143,176.755,418.217,3.507,98.651,7.466,0.96
198411,25.404,23.961,1.012,26.731,2.267,154.928,417.491,3.342,98.616,8.409,1.006
198412,25.074,23.766,0.899,26.267,1.966,155.809,416.367,3.113,98.559,9.717,1.093
198501,26.505,24.93,1.075,27.876,2.403,195.798,413.433,5.663,98.565,3.814,1.406
198502,25.379,24.046,0.927,26.606,2.072,162.526,416.543,3.825,98.648,8.114,1.11
198503,25.509,24.338,0.89,26.601,2.021,159.219,420.78,3.132,98.565,10.047,0.909
198504,25.347,24.144,1.029,26.454,2.052,142.952,420.152,3.127,98.64,10.051,0.943
198505,24.938,23.784,1.065,25.999,1.872,122.867,418.055,2.635,98.793,9.714,0.894
198506,23.851,22.648,1.026,25.023,1.902,132.962,407.557,2.639,99.072,6.522,1.066
198507,24.034,22.801,1.146,25.268,1.997,136.709,409.859,2.522,99.03,7.337,0.922
198508,24.268,23.134,1.161,25.374,2.364,152.442,410.481,2.659,98.95,6.434,0.922
198509,24.979,23.641,1.11,26.211,2.28,164.253,414.881,3.161,98.784,6.288,0.911
198510,25.568,24.12,1.042,26.9,2.298,176.902,417.414,3.596,98.602,8.533,1.016
198511,25.322,23.978,1.009,26.559,2.011,163.862,415.429,3.345,98.611,6.821,1.091
198512,25.716,24.526,1.05,26.792,2.157,171.589,414.504,4.545,98.607,6.052,1.352
198601,25.408,24.174,1.132,26.478,2.023,158.221,418.189,3.937,98.686,9.208,1.136
198602,25.116,23.821,0.983,26.306,1.949,148.117,418.062,3.112,98.657,12.638,1.004
198603,24.979,23.78,0.974,26.095,1.741,140.524,419.181,2.831,98.716,10.646,0.957
198604,25.295,24.166,1.094,26.334,1.923,138.009,421.061,3.198,98.678,10.771,1.023
198605,25.226,24.004,1.056,26.351,1.978,136.699,419.753,2.926,98.753,7.796,0.989
198606,24.497,23.222,1.129,25.735,2.028,134.146,412.039,2.802,98.954,7.944,0.856
198607,23.867,22.657,1.2,25.077,1.928,130.741,410.053,2.881,99.182,6.32,1.072
198608,24.953,23.642,1.132,26.238,2.146,159.935,414.686,3.058,98.847,6.204,0.808
198609,24.626,23.446,1.132,25.712,2.047,151.374,416.214,2.78,98.899,12.707,0.944
198610,25.065,23.737,1.066,26.286,2.032,157.687,417.491,3.052,98.776,9.242,1.054
198611,25.539,24.246,1.001,26.728,2.078,168.443,418.512,3.556,98.575,7.934,1.125
198612,25.485,24.41,0.839,26.46,1.841,159.912,417.764,3.289,98.687,9.81,1.07
198701,25.113,24.118,0.912,25.977,1.745,141.351,420.928,2.884,98.718,11.208,0.96
198702,25.128,24.097,0.815,26.077,1.697,142.045,422.783,2.878,98.722,13.785,0.931
198703,26.155,24.863,1.145,27.363,2.066,170.148,422.612,4.267,98.591,7.854,1.126
198704,25.632,24.668,0.999,26.52,1.861,140.472,423.547,3.169,98.715,11.946,1.058
198705,25.354,24.177,1.05,26.437,2.127,144.439,418.41,3.483,98.774,6.654,1.087
198706,24.762,23.646,1.047,25.838,1.994,133.588,415.038,3.209,99.004,6.358,1.116
198707,25.229,23.967,1.07,26.491,2.161,145.799,417.175,3.14,98.832,5.901,0.863
198708,24.972,23.68,1.174,26.236,2.355,158.901,415.673,3.242,98.891,5.658,0.986
198709,25.772,24.46,1.203,26.98,2.389,166.914,419.622,3.675,98.819,8.191,0.901
198710,26.113,24.811,1.038,27.31,2.295,171.419,421.29,3.938,98.638,7.837,0.984
198711,25.687,24.463,0.846,26.814,1.928,162.717,422.666,3.198,98.6,9.458,0.908
198712,25.752,24.583,0.868,26.813,1.856,154.969,423.032,3.556,98.659,10.354,1.049
198801,25.985,24.866,1.06,26.949,2.071,157.894,421.049,4.215,98.675,7.761,1.15
198802,25.826,24.628,1.094,26.929,2.153,160.192,423.726,3.639,98.578,11.509,0.968
198803,26.319,25.055,1.058,27.497,2.192,172.836,423.234,4.484,98.657,7.241,1.036
198804,25.872,24.76,1.023,26.895,2.155,145.558,423.94,3.824,98.696,7.963,1.107
198805,25.128,24.128,0.934,26.048,1.92,120.466,420.888,2.638,98.866,11.333,0.933
198806,24.241,23.217,1.02,25.243,1.97,126.915,413.524,2.868,99.001,6.608,1.068
198807,24.299,23.083,1.325,25.515,2.232,149.445,404.711,3.557,99.105,4.804,1.107
198808,25.447,24.022,1.207,26.837,2.596,169.375,413.445,3.626,98.862,3.831,0.915
198809,25.494,24.184,1.156,26.699,2.362,174.475,416.511,3.535,98.808,6.612,0.914
198810,25.891,24.577,1.114,27.099,2.269,176.067,418.483,3.942,98.595,7.337,1.021
198811,25.357,24.125,0.95,26.491,1.945,156.229,419.581,3.151,98.666,9.428,0.998
198812,25.564,24.219,1.001,26.787,2.201,167.335,414.761,4.015,98.602,7.927,1.225
198901,24.875,23.722,1.013,25.878,2.024,148.403,415.659,3.12,98.693,10.472,1.058
198902,25.205,24.014,1.087,26.299,2.106,157.844,416.475,3.669,98.74,10.825,1.175
198903,25.17,23.962,1.043,26.299,2.114,153.396,418.166,3.302,98.672,10.519,1.014
198904,25.122,23.971,0.952,26.18,2.043,138.391,419.094,3.054,98.695,10.256,0.953
198905,24.636,23.612,1.001,25.577,1.837,120.594,416.138,2.688,98.938,9.17,1.088
198906,24.408,23.425,0.92,25.361,1.821,123.91,415.455,2.237,98.966,8.621,0.913
198907,24.015,22.787,1.291,25.243,2.192,146.721,405.132,3.288,99.086,5.241,1.191
198908,24.92,23.656,1.228,26.154,2.286,146.424,414.664,3.058,98.912,7.25,0.876
198909,25.613,24.231,1.2,26.884,2.457,180.8,414.867,3.891,98.734,6.551,0.943
198910,25.165,23.95,0.922,26.284,2.009,165.295,418.682,2.999,98.769,9.365,0.94
198911,25.924,24.584,0.97,27.157,2.124,166.092,420.885,3.702,98.539,9.87,1.128
198912,26.854,25.295,1.091,28.267,2.505,192.842,416.341,6.183,98.574,3.22,1.721
199001,25.232,24.093,0.804,26.217,1.924,156.647,420.085,2.933,98.611,12.881,0.993
199002,25.747,24.517,0.912,26.879,2.022,168.825,419.591,3.838,98.692,8.895,1.046
199003,25.471,24.309,0.884,26.555,1.968,153.698,421.071,3.107,98.722,11.121,1.004
199004,25.767,24.658,1.015,26.788,2.071,151.028,422.982,3.262,98.677,11.267,0.913
199005,25.248,24.229,1.022,26.186,1.972,140.015,418.237,3.385,98.82,9.09,1.068
199006,24.421,23.528,0.821,25.285,1.755,113.51,417.844,1.899,98.992,10.278,0.816
199007,23.934,22.845,1.214,25.022,2.084,135.743,410.216,3.204,99.079,6.548,1.159
199008,24.713,23.429,1.073,25.972,2.343,158.503,414.043,3.167,99.0,5.702,0.841
199009,24.957,23.594,1.251,26.211,2.432,173.573,413.786,3.758,98.874,6.097,1.049
199010,25.867,24.546,0.958,27.081,2.21,176.862,421.499,3.552,98.688,6.792,0.887
199011,25.481,24.236,0.81,26.627,2.081,170.545,420.784,3.24,98.65,8.715,0.861
199012,25.493,24.229,0.833,26.641,1.873,158.537,419.127,3.256,98.636,9.304,1.02
199101,26.134,24.82,1.054,27.265,2.177,173.452,418.912,4.749,98.657,7.618,1.312
199102,25.984,24.729,1.017,27.138,2.117,170.418,420.857,4.014,98.704,8.574,1.104
199103,25.727,24.542,0.945,26.833,2.037,149.021,422.654,3.561,98.637,8.695,1.129
199104,25.459,24.443,0.92,26.394,2.0,134.897,421.049,3.029,98.726,10.284,1.027
199105,25.315,24.26,0.901,26.286,1.932,130.453,421.66,2.62,98.791,10.079,0.813
199106,24.681,23.608,0.958,25.721,1.866,122.859,417.913,2.623,98.935,8.127,1.03
199107,24.524,23.33,1.098,25.718,2.134,143.105,411.34,3.014,99.053,5.977,0.954
199108,24.313,23.106,1.248,25.496,2.243,155.12,411.901,3.078,99.094,5.43,0.981
199109,25.241,23.964,1.084,26.415,2.357,167.499,416.997,3.262,98.833,7.655,0.894
199110,25.323,24.087,1.182,26.46,2.266,170.982,415.501,3.649,98.743,7.317,1.001
199111,25.489,24.204,0.92,26.67,2.092,161.959,418.913,3.229,98.595,8.201,0.898
199112,25.846,24.466,0.995,27.101,2.205,159.76,419.317,3.806,98.542,10.336,1.135
199201,26.357,25.029,1.262,27.506,2.403,182.937,418.817,4.885,98.597,6.524,1.006
199202,26.048,24.805,1.226,27.191,2.119,157.932,422.468,4.204,98.618,9.203,1.096
199203,25.775,24.695,1.213,26.784,2.029,150.013,424.447,3.523,98.637,12.422,1.076
199204,25.854,24.731,1.224,26.888,2.067,143.846,423.839,3.48,98.62,10.484,0.99
199205,26.123,24.882,1.156,27.264,2.178,152.817,420.921,3.837,98.656,8.776,0.945
199206,24.981,23.823,1.095,26.105,1.974,134.883,416.149,2.75,98.87,7.388,0.789
199207,23.897,22.79,1.226,25.003,2.088,138.463,407.572,2.872,99.117,4.847,1.067
199208,24.537,23.305,1.316,25.735,2.251,146.931,413.732,2.922,99.03,7.429,0.882
199209,24.862,23.591,1.069,26.031,2.181,157.858,415.757,2.966,98.758,8.724,0.853
199210,25.336,23.966,1.072,26.597,2.227,178.678,417.094,3.509,98.73,6.674,0.855
199211,25.358,24.013,1.023,26.596,2.095,170.182,416.14,3.496,98.571,7.908,1.014
199212,25.378,24.128,1.032,26.509,2.061,151.673,418.799,3.307,98.573,9.552,1.058
199301,25.184,23.924,1.168,26.277,1.94,154.637,417.573,3.321,98.728,9.639,1.054
199302,25.146,24.015,1.071,26.185,1.915,145.924,419.884,2.976,98.68,10.93,0.947
199303,25.186,23.986,1.145,26.305,1.997,142.09,419.374,3.226,98.791,10.931,0.963
199304,25.179,24.163,1.18,26.115,1.92,133.25,421.904,2.77,98.724,11.487,0.909
199305,25.488,24.348,1.178,26.537,2.124,149.669,419.502,3.577,98.759,6.314,1.027
199306,24.842,23.73,1.192,25.916,1.982,134.239,415.123,3.067,98.974,7.493,0.943
199307,24.383,23.157,1.379,25.609,2.18,139.165,411.53,3.042,99.017,5.96,0.983
199308,24.414,23.136,1.543,25.66,2.37,154.876,409.867,3.393,99.039,5.209,1.023
199309,25.078,23.84,1.187,26.216,2.273,158.607,416.78,3.07,98.839,8.887,0.957
199310,25.427,24.109,1.105,26.64,2.103,167.332,418.859,3.387,98.772,7.888,0.91
199311,25.32,24.095,1.089,26.447,2.017,146.747,420.381,3.088,98.628,9.472,1.016
199312,25.789,24.55,1.099,26.91,2.067,159.957,420.824,3.668,98.606,9.309,1.056
199401,25.682,24.368,1.104,26.82,2.029,155.2,418.852,3.803,98.641,8.241,1.167
199402,24.973,23.858,1.071,25.999,1.876,135.495,420.888,2.733,98.731,14.212,0.895
199403,25.332,24.174,1.058,26.412,1.91,148.68,421.035,3.069,98.741,10.861,0.942
199404,25.184,24.173,1.113,26.115,1.816,131.665,420.103,2.947,98.782,10.756,0.938
199405,25.35,24.173,1.178,26.433,2.049,132.62,419.742,3.006,98.828,9.115,0.937
199406,24.273,23.159,1.389,25.357,2.011,115.602,413.988,2.642,98.986,11.812,1.014
199407,24.391,23.095,1.382,25.687,2.217,126.777,411.903,3.17,99.036,7.349,1.006
199408,24.892,23.442,1.38,26.312,2.499,159.18,412.521,3.537,98.982,7.596,0.95
199409,25.23,24.0,1.233,26.362,2.205,156.839,418.207,3.179,98.858,7.254,0.92
199410,25.571,24.283,1.269,26.757,2.311,162.939,418.513,3.622,98.66,8.302,0.919
199411,25.5,24.176,1.092,26.718,2.214,157.269,419.009,3.486,98.651,8.767,1.105
199412,25.918,24.653,1.123,27.063,2.121,163.664,421.168,3.935,98.625,8.188,1.035
199501,26.24,24.921,1.189,27.373,2.392,182.814,416.565,5.565,98.7,7.365,1.332
199502,26.085,24.939,0.97,27.14,2.079,172.046,420.593,4.138,98.71,7.526,1.228
199503,25.683,24.488,1.019,26.801,2.025,155.757,423.357,3.349,98.656,10.539,0.937
199504,25.732,24.61,1.114,26.764,1.965,145.759,422.191,3.713,98.657,9.491,1.131
199505,25.226,24.182,1.137,26.185,1.91,134.066,419.2,2.988,98.862,10.077,0.947
199506,24.907,23.787,1.21,25.991,1.952,124.638,416.848,3.011,98.938,6.525,0.949
199507,25.262,23.875,1.375,26.649,2.257,147.411,414.323,3.319,98.896,5.18,0.756
199508,25.625,24.262,1.416,26.96,2.575,173.041,414.921,3.761,98.863,4.631,0.895
199509,25.562,24.196,1.299,26.819,2.542,174.275,417.057,3.678,98.891,7.386,0.943
199510,25.79,24.388,1.114,27.081,2.335,174.69,418.596,3.822,98.656,7.48,0.994
199511,25.647,24.342,1.124,26.847,2.218,163.739,419.637,3.447,98.626,8.952,1.031
199512,25.414,24.268,1.078,26.456,1.91,158.997,419.079,3.209,98.69,10.019,0.973
199601,25.496,24.301,0.94,26.528,1.977,163.591,417.56,3.618,98.599,9.126,1.104
199602,25.395,24.188,1.256,26.505,2.189,170.441,418.301,3.642,98.691,8.329,1.094
199603,25.606,24.503,0.999,26.636,2.053,153.24,421.96,3.307,98.673,11.03,0.904
199604,25.328,24.277,1.012,26.295,1.914,143.417,419.671,3.111,98.743,9.055,1.024
199605,25.21,24.107,1.104,26.225,2.088,131.664,419.462,2.749,98.886,9.915,0.837
199606,24.077,23.204,1.015,24.925,1.763,114.632,415.497,2.453,99.025,7.523,1.072
199607,24.307,23.177,1.318,25.437,2.365,137.696,409.331,2.9,99.107,7.502,0.898
199608,25.142,23.867,1.179,26.388,2.381,159.059,413.682,3.274,98.952,6.441,0.863
199609,25.032,23.736,1.09,26.225,2.311,157.115,417.682,2.893,98.826,8.835,0.931
199610,25.23,23.917,1.037,26.437,2.226,167.888,418.98,2.986,98.685,8.762,0.908
199611,25.632,24.293,1.085,26.865,2.118,171.709,418.379,3.496,98.537,8.652,1.014
199612,25.526,24.276,1.074,26.658,2.135,168.798,417.169,3.712,98.627,8.693,1.085
199701,26.225,24.778,1.131,27.487,2.357,181.331,415.36,4.967,98.593,6.432,1.285
199702,24.918,23.834,1.034,25.915,1.835,140.928,418.53,2.916,98.727,11.832,1.033
199703,25.827,24.443,1.114,27.123,2.126,161.395,419.703,4.369,98.658,5.703,1.221
199704,25.472,24.209,1.207,26.634,2.093,148.869,417.574,3.586,98.784,8.277,1.094
199705,24.68,23.642,0.937,25.636,1.702,126.488,418.128,2.415,98.904,11.03,0.947
199706,25.13,23.8,1.103,26.426,2.149,143.578,417.204,3.156,98.814,7.055,0.818
199707,24.948,23.523,1.184,26.372,2.302,141.32,413.709,3.056,99.027,5.855,0.795
199708,24.679,23.352,1.135,25.972,2.267,147.708,413.394,2.943,99.05,6.466,0.954
199709,25.993,24.45,1.165,27.413,2.64,189.623,418.639,3.852,98.752,5.976,0.931
199710,26.324,24.727,0.942,27.793,2.506,190.072,422.197,4.105,98.632,6.183,0.897
199711,25.999,24.688,0.98,27.206,2.078,166.83,422.844,3.622,98.629,7.015,1.032
199712,25.786,24.511,0.946,26.946,2.042,160.427,423.597,3.395,98.679,9.318,0.986
199801,26.244,24.954,0.986,27.366,2.093,165.294,425.842,3.717,98.625,6.906,0.933
199802,26.473,25.2,0.943,27.644,1.911,159.344,429.59,3.529,98.702,11.226,0.951
199803,26.311,25.151,1.012,27.395,1.878,147.731,429.022,3.383,98.649,12.915,0.884
199804,26.386,25.287,1.069,27.396,1.906,138.693,429.118,3.419,98.699,11.783,0.94
199805,25.315,24.241,0.947,26.304,1.961,126.252,422.814,3.057,98.926,9.236,1.127
199806,24.635,23.588,0.991,25.651,2.024,127.756,417.343,2.764,99.068,6.588,1.07
199807,24.845,23.447,1.109,26.244,2.351,143.368,414.826,2.857,99.021,6.638,0.821
199808,25.669,24.188,1.122,27.123,2.462,160.536,417.42,3.399,98.876,5.253,0.865
199809,25.644,24.349,1.092,26.836,2.54,177.739,416.673,3.661,98.826,5.651,1.029
199810,25.888,24.701,0.885,26.98,2.048,168.817,420.351,3.425,98.736,8.026,0.9
199811,25.575,24.357,0.859,26.695,1.894,157.555,419.411,3.225,98.589,8.132,1.014
199812,25.81,24.566,1.172,26.936,2.247,168.151,417.92,3.945,98.607,8.093,1.204
199901,25.072,23.941,0.879,26.049,1.99,154.485,417.743,2.876,98.641,9.62,0.982
199902,24.991,23.928,0.923,25.969,2.017,160.051,418.71,2.903,98.725,11.197,0.875
199903,25.696,24.362,1.046,26.941,2.297,171.82,417.714,4.092,98.608,7.553,1.183
199904,24.445,23.469,0.871,25.342,1.749,129.237,418.039,2.435,98.873,12.448,0.932
199905,24.418,23.402,0.824,25.353,1.795,119.327,417.863,2.237,98.936,8.346,0.913
199906,24.438,23.306,0.852,25.539,1.847,124.576,416.34,2.197,98.93,7.654,0.815
199907,23.985,22.733,1.123,25.237,2.227,141.458,409.569,2.777,99.095,4.531,0.917
199908,24.574,23.176,1.23,25.942,2.56,163.714,408.03,3.381,99.028,3.591,0.971
199909,25.58,24.162,1.109,26.885,2.482,177.821,414.066,3.612,98.762,5.602,0.986
199910,25.467,24.012,0.991,26.806,2.261,178.248,414.944,3.646,98.784,6.16,0.978
199911,25.585,24.228,1.177,26.833,2.255,170.026,418.204,3.987,98.576,6.117,1.082
199912,25.786,24.448,1.101,26.997,2.098,161.269,418.583,4.128,98.58,8.267,1.145
200001,25.794,24.448,1.057,26.957,2.054,171.931,415.442,4.442,98.581,7.819,1.3
200002,25.505,24.048,1.062,26.845,2.29,178.732,413.287,4.424,98.753,7.88,1.214
200003,25.308,24.022,1.041,26.506,2.244,162.586,417.284,3.537,98.669,8.773,1.08
200004,24.824,23.691,0.918,25.866,1.874,133.808,418.268,2.59,98.801,11.565,0.978
200005,24.761,23.642,0.853,25.791,1.79,126.476,418.611,2.36,98.884,10.099,0.828
200006,24.65,23.41,0.967,25.857,1.938,125.888,415.189,2.53,98.948,7.59,0.792
200007,23.851,22.643,1.125,25.059,1.986,134.708,409.848,2.763,98.997,5.605,1.087
200008,24.891,23.352,1.091,26.391,2.408,151.375,413.492,3.091,98.943,6.11,0.871
200009,25.266,23.913,1.188,26.51,2.29,161.823,415.901,3.439,98.802,7.249,1.001
200010,25.468,24.002,1.111,26.817,2.416,167.993,417.475,3.492,98.773,7.604,0.87
200011,26.016,24.5,1.04,27.41,2.058,165.567,418.895,3.825,98.503,8.837,1.245
200012,25.736,24.408,1.141,26.944,2.216,173.712,415.055,4.291,98.692,7.263,1.146
200101,24.805,23.542,0.879,25.905,1.988,152.12,415.372,2.65,98.803,11.403,0.958
200102,25.362,24.135,1.049,26.491,1.984,166.115,415.227,3.712,98.705,6.355,1.084
200103,25.466,24.194,1.069,26.652,2.004,157.779,418.544,3.438,98.76,9.327,0.94
200104,25.542,24.202,1.027,26.775,2.129,158.349,418.95,3.414,98.798,9.775,0.909
200105,25.183,23.995,0.996,26.276,1.989,141.96,418.744,2.713,98.858,7.586,0.856
200106,23.784,22.605,1.011,24.927,1.972,123.848,410.27,2.68,99.085,5.308,1.021
200107,24.295,23.055,1.018,25.535,1.961,135.006,412.969,2.426,99.027,6.578,0.831
200108,25.082,23.601,1.145,26.526,2.509,163.765,411.044,3.219,99.06,4.121,0.866
200109,25.396,23.928,1.069,26.745,2.441,177.419,414.765,3.516,98.835,6.421,0.887
200110,25.929,24.367,1.005,27.366,2.376,180.616,418.905,3.893,98.703,6.308,0.901
200111,26.151,24.633,0.971,27.547,2.23,178.471,419.423,4.08,98.599,6.814,1.036
200112,25.77,24.5,0.989,26.92,1.984,157.256,420.78,3.552,98.56,9.128,1.029
200201,26.202,24.869,1.041,27.351,2.169,176.954,418.102,4.804,98.69,5.992,1.147
200202,25.68,24.411,0.876,26.847,2.045,160.318,420.975,3.445,98.703,8.726,1.018
200203,25.623,24.371,1.005,26.79,2.081,164.47,420.442,3.715,98.748,8.039,0.945
200204,25.504,24.351,0.941,26.566,1.899,146.318,419.955,3.427,98.707,9.678,0.996
200205,25.467,24.231,0.968,26.604,2.063,147.375,419.071,3.259,98.832,8.672,0.843
200206,24.96,23.705,1.102,26.171,2.16,136.863,413.924,3.455,99.046,5.36,1.059
200207,24.397,23.286,0.987,25.509,1.835,126.941,415.156,2.245,99.074,7.442,0.84
200208,25.082,23.549,0.991,26.585,2.507,162.422,414.04,3.515,98.956,4.782,0.738
200209,25.846,24.239,1.173,27.324,2.602,178.159,415.342,4.249,98.837,4.595,0.854
200210,25.746,24.287,0.776,27.087,2.248,181.889,416.702,3.904,98.689,6.104,0.912
200211,25.562,24.239,0.842,26.779,1.987,173.437,417.814,3.723,98.738,7.076,0.907
200212,25.607,24.434,0.777,26.669,1.792,142.1,421.716,3.209,98.755,9.026,0.921
200301,26.209,24.875,0.95,27.357,2.167,169.413,421.294,4.544,98.699,6.206,1.065
200302,25.997,24.65,0.797,27.236,2.007,169.068,422.141,4.023,98.694,8.862,0.936
200303,25.718,24.422,0.866,26.925,2.166,163.656,421.535,3.777,98.709,6.796,0.841
200304,25.501,24.361,0.863,26.549,1.885,140.012,420.941,3.216,98.823,9.166,0.926
200305,25.087,24.007,0.851,26.081,1.924,134.104,419.093,2.878,98.919,8.996,0.815
200306,24.769,23.595,0.866,25.9,1.958,123.035,416.664,2.651,98.945,8.463,0.81
200307,24.331,23.013,1.047,25.649,2.217,131.207,410.381,3.006,99.084,4.276,0.968
200308,24.869,23.446,1.051,26.261,2.359,163.114,410.705,3.768,99.06,4.607,0.965
200309,25.212,23.731,1.099,26.574,2.418,170.043,414.662,3.862,98.899,5.416,1.023
200310,25.983,24.45,0.918,27.394,2.223,179.031,417.977,4.052,98.694,4.959,1.034
200311,25.921,24.485,0.945,27.242,2.081,170.298,419.32,3.937,98.626,6.363,1.058
200312,25.735,24.351,0.851,26.99,2.039,157.729,419.824,3.804,98.661,9.182,0.985
200401,26.846,25.264,1.051,28.222,2.347,187.446,417.705,6.619,98.609,4.852,1.327
200402,25.862,24.473,0.859,27.14,2.189,169.099,419.38,4.472,98.747,5.654,1.023
200403,25.705,24.534,0.842,26.796,1.933,147.123,421.248,3.42,98.711,9.196,0.93
200404,26.226,24.832,0.943,27.509,2.129,165.598,421.321,4.216,98.706,6.111,0.972
200405,25.135,23.906,1.032,26.265,1.928,136.27,417.12,3.738,98.915,7.763,1.226
200406,24.214,23.0,0.936,25.39,1.836,125.39,414.015,2.643,99.1,7.592,0.895
200407,24.468,23.12,0.984,25.817,1.984,138.952,411.791,2.795,98.987,5.125,0.852
200408,24.861,23.261,1.175,26.428,2.466,161.108,412.003,3.327,99.072,5.759,0.836
200409,25.295,23.759,1.072,26.708,2.364,172.482,415.45,3.626,98.86,6.816,0.836
200410,26.079,24.487,0.988,27.544,2.226,175.64,419.302,4.042,98.674,6.205,0.962
200411,26.101,24.534,0.919,27.544,2.073,169.416,420.148,3.96,98.61,7.7,0.942
200412,26.166,24.704,0.999,27.493,2.175,171.044,419.033,4.4,98.609,5.75,1.105
200501,26.652,25.012,1.089,28.077,2.337,179.903,420.357,5.107,98.57,5.377,1.241
200502,25.892,24.59,0.836,27.089,1.722,150.401,421.754,3.447,98.653,9.268,1.045
200503,26.054,24.853,0.954,27.17,1.832,159.127,421.599,3.919,98.753,9.218,1.035
200504,25.74,24.535,0.91,26.849,1.891,141.011,423.796,3.453,98.779,9.005,1.045
200505,25.829,24.327,0.992,27.211,2.205,144.981,419.099,3.528,98.769,7.681,0.945
200506,25.3,23.847,0.952,26.712,2.075,130.597,417.352,3.037,98.912,6.962,0.881
200507,24.878,22.997,1.444,26.759,2.688,160.639,406.821,4.298,99.066,3.68,1.071
200508,25.482,23.61,1.387,27.311,2.929,180.616,408.911,4.528,98.91,3.886,1.039
200509,25.709,23.919,1.481,27.356,2.862,181.422,414.208,4.745,98.84,5.461,1.178
200510,26.138,24.415,0.996,27.724,2.503,174.689,419.668,4.417,98.689,8.028,1.041
200511,26.3,24.537,1.075,27.922,2.405,176.384,418.825,4.631,98.531,5.802,1.171
200512,26.033,24.423,1.061,27.487,2.344,169.32,416.719,4.699,98.568,8.096,1.3
200601,25.854,24.401,0.992,27.112,2.197,173.114,418.05,4.65,98.633,7.493,1.281
200602,26.234,24.736,1.007,27.612,2.158,179.733,419.328,4.696,98.654,5.497,1.243
200603,25.846,24.508,0.864,27.093,2.045,162.295,420.428,3.765,98.722,9.428,0.977
200604,25.65,24.335,1.009,26.86,2.024,147.54,418.716,3.539,98.707,9.641,1.0
200605,24.6,23.259,1.032,25.835,2.163,138.757,411.182,3.975,98.989,7.573,1.306
200606,25.125,23.55,1.034,26.654,2.339,143.227,414.655,3.331,98.98,4.751,0.861
200607,25.105,23.441,1.175,26.768,2.483,152.685,411.35,3.649,99.045,3.511,0.949
200608,25.335,23.646,1.09,26.99,2.584,172.982,414.02,3.676,98.913,4.862,0.858
200609,25.704,23.972,1.213,27.296,2.655,178.846,414.681,4.045,98.863,5.589,1.016
200610,26.354,24.704,0.945,27.872,2.278,178.659,420.3,4.318,98.619,7.171,1.04
200611,25.885,24.465,0.825,27.192,1.996,165.847,419.442,3.679,98.601,8.592,1.122
200612,25.876,24.515,0.811,27.114,1.915,161.798,420.444,3.713,98.705,8.796,1.112
200701,25.842,24.507,0.813,27.001,2.018,161.246,421.649,3.603,98.695,8.429,0.953
200702,27.163,25.272,1.178,28.902,2.697,200.021,418.972,7.224,98.625,2.858,1.35
200703,25.739,24.44,0.865,26.951,2.039,164.906,421.396,3.84,98.69,9.637,1.051
200704,25.702,24.338,0.895,26.958,2.012,159.78,420.315,3.651,98.794,7.66,0.951
200705,24.982,23.656,0.911,26.202,1.976,139.348,417.886,3.522,98.876,6.986,1.007
200706,24.903,23.412,1.049,26.348,2.234,143.44,413.362,3.299,99.0,4.91,0.837
200707,24.862,23.29,1.251,26.434,2.429,148.187,411.446,3.576,98.99,4.204,0.92
200708,25.457,23.799,1.199,27.083,2.853,172.279,410.535,3.989,98.883,4.978,1.062
200709,25.764,24.106,1.174,27.289,2.769,182.499,416.05,4.131,98.88,5.439,0.922
200710,25.848,24.267,1.05,27.302,2.327,179.845,418.288,4.017,98.66,6.798,1.042
200711,25.74,24.388,0.944,26.984,2.042,156.292,420.116,3.375,98.554,9.769,1.127
200712,25.959,24.617,1.006,27.183,2.169,156.049,417.418,4.119,98.575,9.0,1.21
200801,25.584,24.263,1.003,26.732,2.16,161.74,417.683,3.844,98.613,8.336,1.138
200802,25.621,24.331,1.04,26.807,2.1,172.215,416.519,4.361,98.712,7.658,1.186
200803,25.684,24.39,1.053,26.891,2.135,171.544,416.281,4.217,98.684,7.023,1.131
200804,25.688,24.431,1.069,26.844,2.172,149.296,418.997,3.608,98.627,9.995,1.07
200805,25.053,23.812,0.964,26.195,1.992,130.194,415.195,3.038,98.866,7.557,1.091
200806,24.588,23.416,1.11,25.73,2.162,128.914,412.412,3.264,98.961,6.703,1.065
200807,25.078,23.525,1.244,26.632,2.628,153.49,411.195,3.498,98.998,5.166,0.859
200808,25.938,24.171,1.315,27.668,3.01,176.814,413.966,4.172,98.805,3.313,0.914
200809,25.646,24.084,1.329,27.084,2.785,176.586,415.922,3.807,98.833,5.778,0.988
200810,26.079,24.513,1.206,27.52,2.395,175.27,419.734,3.795,98.719,6.19,1.044
200811,26.094,24.507,1.19,27.554,2.296,171.082,420.973,3.818,98.554,8.746,1.063
200812,26.387,24.814,1.307,27.814,2.354,170.15,418.591,4.964,98.552,7.103,1.39
200901,25.307,24.131,0.979,26.328,1.924,153.492,419.545,3.052,98.71,11.972,0.992
200902,25.612,24.234,1.201,26.881,2.058,151.455,420.599,3.538,98.627,10.545,1.122
200903,25.483,24.27,0.994,26.611,1.945,150.797,420.688,2.971,98.648,10.997,0.945
200904,25.374,24.235,0.972,26.421,1.912,136.017,421.332,2.664,98.783,10.855,0.897
200905,25.788,24.432,1.146,27.036,2.176,145.268,418.147,3.427,98.814,7.661,0.85
200906,25.014,23.816,1.093,26.182,2.024,131.496,414.946,2.987,98.971,5.613,0.911
200907,25.243,23.748,1.138,26.738,2.359,142.424,414.506,3.284,98.963,4.841,0.874
200908,25.774,24.103,1.244,27.407,2.684,162.751,415.578,3.683,98.856,5.983,0.868
200909,26.396,24.689,1.31,27.966,2.781,182.174,417.679,4.484,98.836,4.581,0.908
200910,26.373,24.597,1.12,28.008,2.558,187.779,419.781,4.421,98.613,5.086,1.03
200911,26.729,25.072,1.051,28.254,2.366,171.138,422.078,4.323,98.454,6.928,1.067
200912,26.168,24.888,1.03,27.324,2.093,157.057,422.418,3.782,98.604,7.278,1.012
201001,26.449,25.107,1.047,27.616,2.227,157.713,422.123,4.374,98.612,6.101,1.134
201002,26.657,25.23,1.119,27.969,2.088,165.217,427.488,4.004,98.553,7.319,1.004
201003,26.602,25.074,1.052,28.028,2.136,161.611,427.311,4.133,98.64,9.462,0.954
201004,26.476,25.087,1.229,27.754,2.084,148.016,426.117,3.982,98.729,10.214,1.016
201005,25.895,24.571,1.098,27.112,2.078,136.482,420.753,3.752,98.824,7.545,1.024
201006,25.257,23.918,1.042,26.565,2.039,134.747,418.492,3.014,99.001,5.69,0.846
201007,24.655,23.312,1.128,25.998,2.143,151.207,413.977,3.3,98.976,4.023,1.011
201008,25.673,23.985,1.447,27.322,2.919,177.295,409.143,4.549,98.933,3.245,1.007
201009,26.602,24.851,1.321,28.214,2.84,196.472,417.034,4.877,98.727,4.096,1.055
201010,26.603,24.926,1.171,28.145,2.5,181.703,420.735,5.078,98.649,4.963,1.18
201011,26.024,24.398,1.121,27.52,2.373,169.838,417.253,4.326,98.531,7.463,1.305
201012,26.067,24.623,1.145,27.376,2.197,171.277,417.96,4.347,98.494,7.472,1.261
201101,26.032,24.543,1.001,27.317,2.265,174.962,413.796,4.783,98.528,6.083,1.442
201102,25.588,24.141,1.092,26.92,2.095,162.538,417.777,3.674,98.635,8.769,1.085
201103,25.604,24.209,0.942,26.904,2.134,147.806,418.645,3.588,98.629,10.421,1.063
201104,25.418,24.219,1.089,26.521,2.022,133.841,419.66,3.15,98.736,11.56,0.968
201105,25.258,24.072,0.944,26.35,1.961,127.953,418.86,3.226,98.825,7.809,1.003
201106,24.953,23.725,0.962,26.143,1.982,125.268,415.914,2.84,98.917,6.745,0.925
201107,24.882,23.459,1.177,26.304,2.319,151.855,411.972,3.37,98.916,4.555,0.959
201108,25.646,23.946,1.374,27.308,2.792,172.346,410.962,4.452,98.917,3.302,1.014
201109,25.777,24.067,1.067,27.349,2.646,175.077,415.882,4.004,98.896,6.553,0.925
201110,26.238,24.616,0.98,27.73,2.38,175.148,419.308,4.141,98.572,7.922,1.001
201111,26.117,24.52,1.072,27.587,2.275,172.444,418.673,4.246,98.559,6.065,1.066
201112,25.541,24.309,0.846,26.658,1.992,145.254,420.041,3.323,98.62,9.73,1.084
201201,25.53,24.215,0.946,26.669,1.98,155.121,418.412,3.653,98.677,9.843,1.128
201202,25.121,23.904,0.937,26.24,1.868,143.82,416.854,3.313,98.651,11.777,1.164
201203,25.231,24.019,0.929,26.359,1.888,146.687,418.802,3.238,98.77,12.601,1.021
201204,25.687,24.451,1.023,26.825,2.103,154.898,419.64,3.79,98.746,6.772,0.916
201205,25.437,24.211,0.997,26.565,2.002,139.691,418.071,3.416,98.869,8.415,0.954
201206,25.017,23.619,1.084,26.382,2.242,143.482,413.283,3.579,98.997,7.275,0.997
201207,24.714,23.315,1.199,26.113,2.299,144.852,411.173,3.436,99.003,5.302,0.918
201208,25.758,24.05,1.513,27.431,2.84,176.945,409.656,4.704,98.992,3.145,0.958
201209,25.778,24.087,1.264,27.334,2.766,178.717,414.429,4.486,98.94,6.136,1.092
201210,26.126,24.528,1.078,27.596,2.351,174.868,419.086,4.177,98.664,7.197,1.009
201211,26.415,24.865,1.027,27.841,2.221,178.554,420.813,4.397,98.576,6.095,1.099
201212,25.81,24.543,0.877,26.967,2.027,157.455,419.858,3.726,98.575,9.511,1.103
201301,25.783,24.704,0.888,26.723,1.919,141.559,422.124,3.364,98.743,8.036,1.017
201302,25.712,24.542,0.923,26.788,1.899,157.303,421.108,3.507,98.663,9.024,1.023
201303,26.209,24.911,1.025,27.417,2.055,158.589,423.038,4.156,98.731,9.882,1.036
201304,26.092,24.716,1.129,27.358,2.197,158.219,418.189,4.439,98.794,9.161,1.033
201305,25.717,24.494,1.029,26.842,1.984,136.977,419.217,3.275,98.867,8.569,0.966
201306,25.386,24.03,1.019,26.702,2.193,136.782,416.926,3.28,98.934,7.445,0.85
201307,24.434,23.08,1.177,25.787,2.145,133.817,411.213,3.111,99.084,5.767,0.978
201308,24.915,23.516,1.342,26.283,2.38,153.6,409.828,3.673,98.969,6.023,1.072
201309,26.165,24.479,1.354,27.717,2.686,181.63,414.88,4.733,98.85,5.717,1.081
201310,26.149,24.482,1.119,27.683,2.433,182.993,417.895,4.48,98.727,5.954,0.981
201311,25.789,24.328,0.985,27.132,2.115,159.603,418.309,3.737,98.553,7.553,1.126
201312,26.162,24.794,1.137,27.405,2.104,170.267,418.036,4.655,98.649,6.832,1.262
201401,25.593,24.358,0.89,26.672,1.861,151.006,420.495,3.649,98.699,8.872,1.092
201402,25.711,24.48,0.986,26.843,1.882,141.861,421.211,3.512,98.648,8.282,1.062
201403,25.649,24.465,1.032,26.752,1.982,145.003,421.152,3.539,98.718,10.814,1.119
201404,25.874,24.701,1.083,26.953,2.077,152.27,420.045,3.888,98.811,8.612,0.997
201405,25.758,24.521,1.02,26.895,2.007,137.36,419.067,3.507,98.833,6.869,1.05
201406,25.29,24.023,0.97,26.52,1.996,131.657,415.39,3.476,98.958,6.908,1.046
201407,24.869,23.474,1.14,26.264,2.203,141.759,412.812,3.348,99.139,5.085,0.921
201408,25.297,23.713,1.177,26.851,2.54,165.537,411.957,3.819,99.022,4.432,0.925
201409,26.069,24.459,1.236,27.55,2.505,182.604,415.886,4.175,98.831,5.441,0.93
201410,25.967,24.405,0.971,27.404,2.463,172.89,417.693,4.139,98.775,6.431,1.0
201411,25.991,24.634,0.991,27.239,1.943,158.291,421.373,3.699,98.628,8.218,1.168
201412,25.942,24.588,0.914,27.177,2.037,148.849,420.912,3.831,98.668,9.135,1.092
201501,25.009,23.886,0.748,25.983,1.713,125.121,420.381,2.714,98.822,10.682,0.876
201502,26.137,24.702,1.0,27.456,2.132,162.555,420.61,4.25,98.708,9.487,1.063
201503,25.565,24.427,0.874,26.631,1.855,142.09,421.973,3.187,98.745,8.154,0.939
201504,25.567,24.433,0.814,26.61,1.872,136.304,420.191,3.119,98.799,11.613,0.999
201505,25.504,24.409,0.89,26.511,1.886,130.434,420.747,3.002,98.889,12.386,0.901
201506,25.371,24.01,1.002,26.694,2.139,129.786,416.504,3.215,99.028,7.9,0.928
201507,25.38,24.006,0.987,26.754,2.175,140.195,414.593,3.321,99.009,7.586,0.897
201508,26.112,24.412,1.171,27.778,2.666,168.839,415.941,4.247,98.899,4.477,0.943
201509,26.99,25.094,1.21,28.734,2.845,192.453,418.586,5.175,98.772,3.188,0.895
201510,26.844,25.212,1.075,28.346,2.46,188.039,421.097,4.824,98.756,5.259,1.051
201511,26.775,25.28,1.043,28.15,2.162,174.652,421.532,4.661,98.6,6.747,1.11
201512,26.101,24.899,1.004,27.194,2.078,153.973,421.99,3.894,98.764,7.377,1.013
201601,27.524,26.08,1.027,28.775,2.339,171.497,427.234,5.374,98.634,5.677,1.163
201602,26.304,25.107,0.909,27.406,1.931,153.487,426.992,3.723,98.697,12.098,0.958
201603,26.516,25.387,0.983,27.57,1.86,138.515,428.145,3.573,98.804,10.619,1.013
201604,26.216,25.025,0.96,27.312,1.993,146.696,424.051,4.022,98.776,8.12,1.043
201605,25.955,24.667,0.995,27.141,1.969,142.323,419.876,3.651,98.959,7.603,0.942
201606,24.912,23.742,0.998,26.048,1.976,124.299,415.393,2.921,99.127,8.011,0.989
201607,25.115,23.76,1.008,26.47,2.121,140.227,413.317,3.145,99.041,4.759,0.917
201608,25.837,24.294,1.313,27.345,2.505,172.892,412.442,4.179,98.951,6.567,1.076
201609,25.852,24.244,1.192,27.332,2.435,178.794,416.28,4.16,98.926,6.424,1.012
201610,26.367,24.771,0.981,27.835,2.241,175.917,420.789,4.422,98.659,7.051,1.062
201611,26.881,25.213,1.035,28.415,2.241,172.876,420.857,5.16,98.541,7.025,1.297
201612,25.902,24.629,0.892,27.058,1.967,150.145,419.704,3.909,98.658,9.107,1.281
201701,25.39,24.204,0.821,26.422,1.833,134.429,420.044,3.176,98.74,13.001,1.146
201702,25.917,24.548,0.872,27.176,2.001,160.076,420.416,3.921,98.685,8.942,1.136
201703,25.927,24.636,0.891,27.127,1.921,152.439,420.474,3.733,98.723,11.816,1.155
201704,25.866,24.646,0.874,26.988,2.06,149.579,421.78,3.547,98.78,9.691,1.073
201705,26.095,24.801,0.915,27.286,1.956,148.848,420.369,3.604,98.837,7.875,0.911
201706,25.587,24.092,1.023,27.042,2.151,146.269,416.592,3.688,98.922,6.507,1.013
201707,25.169,23.277,1.53,27.06,2.677,165.037,404.041,4.899,99.121,3.417,1.134
201708,26.313,24.492,1.392,28.092,2.761,180.129,413.966,5.045,98.867,5.504,1.077
201709,26.255,24.647,1.103,27.734,2.499,174.968,418.917,4.543,98.852,6.185,0.955
201710,26.082,24.626,1.124,27.421,2.269,172.567,419.249,4.204,98.703,5.222,1.169
201711,26.202,24.781,0.96,27.509,2.034,160.812,421.391,3.877,98.552,7.692,1.108
201712,26.252,24.773,1.052,27.597,2.173,163.726,419.886,4.683,98.624,5.371,1.241
201801,25.411,24.146,0.978,26.51,1.963,144.095,417.447,3.383,98.696,8.966,1.098
201802,26.439,24.99,1.132,27.772,2.256,172.411,418.743,5.253,98.65,5.692,1.296
201803,26.084,24.758,0.982,27.322,2.058,154.401,421.323,3.895,98.687,8.975,1.02
201804,25.275,24.141,0.769,26.318,1.813,136.087,419.395,2.876,98.845,10.075,1.072
201805,25.421,24.275,0.833,26.476,1.759,130.582,418.451,3.121,98.919,8.81,0.938
201806,24.664,23.345,0.964,25.951,1.946,131.552,411.286,3.697,99.085,5.34,1.232
201807,25.176,23.593,1.265,26.759,2.369,155.454,410.716,3.97,99.032,4.864,1.0
201808,24.957,23.373,1.111,26.505,2.409,165.472,412.209,3.666,99.05,5.747,1.094
201809,26.209,24.324,1.271,27.943,2.82,192.161,413.662,4.925,98.746,4.792,1.023
201810,26.164,24.775,1.01,27.441,2.098,159.28,422.166,3.728,98.678,7.102,0.968
201811,26.342,24.981,0.9,27.595,1.979,157.107,421.63,3.872,98.605,8.791,1.17
201812,25.477,24.282,0.888,26.563,1.801,139.453,418.343,3.404,98.83,8.825,1.084
201901,25.505,24.39,0.828,26.467,1.755,137.84,420.55,3.109,98.83,10.552,1.041
201902,25.811,24.67,0.838,26.86,1.919,142.668,423.145,3.209,98.764,8.82,1.02
201903,26.105,24.929,0.889,27.202,1.874,144.584,423.207,3.574,98.774,13.226,1.022
201904,26.333,24.985,0.958,27.572,2.223,157.429,423.257,4.045,98.78,8.391,1.163
201905,26.045,24.69,0.93,27.292,2.021,148.041,420.764,3.978,98.844,6.503,1.095
201906,25.306,24.03,0.838,26.547,1.921,124.119,418.026,2.801,99.019,7.23,1.046
201907,24.848,23.391,1.223,26.304,2.22,148.518,411.274,3.35,99.056,5.9,1.033
201908,25.318,23.509,1.358,27.091,2.797,174.294,407.647,4.808,99.09,3.334,1.147
201909,26.368,24.739,1.14,27.868,2.594,183.362,419.406,4.452,98.858,6.925,1.071
201910,25.764,24.255,0.964,27.152,2.177,169.907,418.023,3.705,98.768,7.399,0.999
201911,25.788,24.553,0.957,26.925,2.03,149.386,420.91,3.539,98.609,8.032,1.055
201912,25.789,24.634,0.819,26.838,1.884,145.966,423.098,3.423,98.674,11.898,1.063
202001,26.281,24.786,1.082,27.576,2.188,160.278,419.027,5.137,98.747,7.033,1.312
202002,26.316,25.1,0.996,27.435,1.984,144.035,424.464,4.044,98.754,5.809,1.096
202003,26.505,25.141,0.926,27.78,1.996,164.276,424.64,4.372,98.73,8.981,1.059
202004,25.969,24.729,0.869,27.109,2.05,150.745,421.902,4.16,98.894,8.341,1.076
202005,25.352,23.972,0.908,26.622,1.8,135.896,420.988,3.39,99.011,6.845,1.027
202006,25.805,24.371,0.934,27.192,2.035,147.887,416.334,3.607,98.958,6.188,0.929
202007,25.475,23.952,1.099,26.998,2.174,149.758,414.729,3.394,98.947,6.655,0.887
202008,25.71,24.054,1.475,27.33,2.46,178.538,408.097,4.828,98.93,3.715,1.216
202009,26.154,24.603,1.117,27.581,2.248,185.52,416.955,4.071,98.84,6.405,1.047
202010,26.753,25.197,1.036,28.185,2.413,201.642,417.383,5.35,98.744,4.077,1.132
202011,26.288,24.837,1.054,27.623,1.96,172.013,420.02,4.439,98.674,7.13,1.09
202012,25.752,24.542,0.973,26.849,1.88,146.649,419.891,3.561,98.7,8.969,1.087
